,Voltage (V),Current (A),Current Std (A)
0,0.0,1.622933e-09,9.566183e-08
1,-0.2222222222222222,-1.495065e-08,7.826223e-08
2,-0.4444444444444444,1.392416e-08,7.980913e-08
3,-0.6666666666666666,1.204408e-08,7.535497e-08
4,-0.8888888888888888,-8.874258e-09,8.534066e-08
5,-1.1111111111111112,1.342949e-08,7.851781e-08
6,-1.3333333333333333,-1.85561e-09,9.607996e-08
7,-1.5555555555555554,-4.237299e-09,9.45742e-08
8,-1.7777777777777777,2.579088e-09,9.723787e-08
9,-2.0,3.591327e-09,8.941543e-08
