,Voltage (V),Current (A),Current Std (A)
0,0.0,-1.434402e-08,7.816153e-08
1,-0.2222222222222222,2.756247e-09,9.134887e-08
2,-0.4444444444444444,-1.414633e-08,7.507423e-08
3,-0.6666666666666666,1.247149e-08,8.598774e-08
4,-0.8888888888888888,-1.121172e-08,8.743736e-08
5,-1.1111111111111112,-3.90882e-09,9.650056e-08
6,-1.3333333333333333,-9.13715e-09,8.076523e-08
7,-1.5555555555555554,7.312482e-09,9.385889e-08
8,-1.7777777777777777,2.651026e-09,9.767903e-08
9,-2.0,2.599075e-09,9.533632e-08
