,Voltage (V),Current (A),Current Std (A)
0,0.0,0.0,0.0
1,-0.2222222222222222,0.0,0.0
2,-0.4444444444444444,0.0,0.0
3,-0.6666666666666666,0.0,0.0
4,-0.8888888888888888,0.0,0.0
5,-1.1111111111111112,0.0,0.0
6,-1.3333333333333333,0.0,0.0
7,-1.5555555555555554,0.0,0.0
8,-1.7777777777777777,0.0,0.0
9,-2.0,0.0,0.0
